Urination_Frequency,Burning_Sensation,Pelvic_Pain,Urine_Cloudy,Fever,target
8.563070452072637,1.555791519528732,0.3180978551036684,3.527901475798937,3.5092439613153914,0
6.5570163368333345,6.477262962893784,1.0973653334661626,8.005755656761666,6.365432001308898,0
3.6721514704429348,6.578498986260658,8.952276319357017,0.3998776947716598,8.944492844114619,0
6.484489216574277,4.135909562483544,8.187627928689809,8.020406512989304,6.988504346539315,1
6.0213160752191985,4.562116029605661,7.931567742901777,2.8667428817551177,3.253612382204718,1
8.053877241195673,2.13857411062588,3.1251928834556795,9.882702649989207,7.8509964662002645,1
0.7787679093027211,2.318903513034256,4.44509649151025,4.205809026903845,1.840906495285577,0
6.223450305633379,5.8398939185839485,4.731278619473774,6.013962967304765,1.7238386581698284,0
8.805711758810897,7.432155619031948,7.053335343409381,8.83233370229333,8.740088586292718,1
9.859079724606065,0.9630266690728639,4.122685994636498,0.29585363443737744,2.9727305204001206,0
2.5614336330754517,8.84350318383752,1.6355879362741788,3.1026292208030726,2.0939334945762154,0
6.569617599595212,6.236620499092367,4.26648179371739,6.07417392144481,6.806148433185745,1
6.194680011016618,4.840131224267312,8.243846693877783,5.2129865657828915,2.168826608537028,1
8.956955254443935,9.92831347669206,6.57537869993727,1.02527632759834,2.2707130253768657,0
5.359223373746699,4.985734143044574,9.982156923996195,1.5796101911539706,1.0694014194417178,1
8.416569349497472,0.05415182911299499,6.119364239662145,8.718003769256798,7.21494276925871,1
2.6367072732654506,0.6759088577120687,1.8593426070425367,9.37009630556498,0.08070258643470885,0
7.446467197152482,6.31223231920246,8.434968116397663,9.625229948542692,6.358640804108008,1
1.6045267331979263,5.382407276484108,1.7641924442027601,6.46772409608359,1.5624074639171115,0
4.030647593039322,2.6393563958875097,6.961673254798316,2.8008358091691776,3.4683047355965035,0
2.1543421622462153,7.860754268095742,6.716379324549921,8.291783326316274,9.54774639477428,1
7.651857137753931,2.4888073746176453,3.7104978258032673,7.204817995897697,3.84883346474009,0
6.777169093530006,4.998882161068825,2.011002510835217,3.004715986904073,6.591575479812474,1
1.5170009526883987,0.9126699525357107,2.4342326342442275,3.5682868741558726,1.8072223315656133,0
9.286062449158749,0.611274070047858,9.624112480773729,9.706653346382442,7.062742765720316,1
6.8919372589694525,4.974495499164568,3.4622000192426414,8.339959304887977,1.2242656928490425,1
3.7285577500915954,1.7388837002891377,4.754075988808928,6.185076077124938,2.6506586837631163,1
4.463424383145704,0.9076407294075739,5.551279695800591,9.902497098445943,7.004405923450117,1
5.13595112717007,4.546835011853572,0.682555031508415,5.959074740495502,8.359559491148534,1
3.94168733003613,1.007677508969581,6.044658462348722,9.640263564588153,4.249747918145253,1
9.139793553646289,5.798158380051436,2.593047277189131,7.859222352189836,7.969511969407427,1
0.3968471843213628,2.607132867192865,2.9610867383843797,5.718843683401983,9.227886871190462,0
0.7221334212111852,0.4403146106618938,6.1074831568138315,3.714103382188634,5.2740956834715575,0
9.714571392908741,6.452196437117053,3.939658171651359,3.132512140718898,0.7942692156867526,0
6.928315379952914,9.826397753722658,6.115000685012109,7.143743828583144,5.286531062773145,0
1.410381484208616,8.753872265849592,8.104101257295143,5.00756414601196,2.666776034994337,0
7.579081856089664,5.204842539609709,7.6732503703689385,6.542521371570139,3.891993125313433,1
4.132731587563408,6.633476631488156,3.0561888370918036,1.4852658729501622,7.591674251967979,0
7.7707219273648125,7.795931729083321,9.776612032996644,2.4280989348080717,3.7984361414488443,1
5.201944747642888,7.5020015607335155,7.78093274877102,7.860264479708991,1.8446189478212738,1
1.2969932972305454,7.044920780807596,2.6575467277252205,3.0804903518972138,1.368201165419226,0
7.513177052003108,5.441566952060723,7.225728027238409,7.921116023592207,2.908868923915633,1
9.406645220868002,0.5505918122269804,9.432340441455283,7.220414208362412,0.3999319490806119,1
6.124758289075215,2.9484841036215226,7.20089698545843,2.5639771833377125,8.232239045256144,0
2.4973310157251847,9.050192516634082,0.20984291997597104,6.299998438930714,4.404757321644267,0
8.636774021257843,9.509614647561614,8.742021984259491,3.902763953457622,8.486936349529495,1
8.090799471021137,1.0537790236420441,9.78694340512282,2.8708156856584646,2.6334011366383803,1
0.42357286194182664,9.761893652234669,0.0561342280003263,3.1683085430688007,7.243854807036145,1
7.958363993493225,1.362476386248177,5.034771609414042,0.3194631635388956,6.528524284574907,0
7.134016751092725,4.383913649342018,7.744283608160694,8.117947166698356,1.9699877768123208,1
5.916521455960798,4.290349557655755,2.5682293755893304,7.645495457164321,0.2842859663705166,1
2.4445991077398,6.095305505105911,9.173948885422552,7.2150947060751385,1.0423140970152345,1
7.527575244140175,3.7980866438461227,9.490820376428138,7.115303981263205,4.628124384479734,1
4.971541687035412,2.231809263824153,4.5700729000042095,1.5282352162014756,0.3317261091773249,0
5.820325112350432,9.951881511644006,4.6231374847170805,5.677694570786192,2.3916340178875926,0
2.308689936416133,0.743632589000579,7.011464376141985,5.617397127056092,4.183828376507312,0
5.00014510981239,9.642257596448774,9.061760743957716,1.938272701371756,8.336235232311592,1
1.5378497328722385,9.963132954366557,1.887321521892098,2.138491173314044,1.4447835996473946,0
9.803611322778309,9.633076134966318,5.0028675181060525,0.34823702181796756,4.35980862417443,1
3.320479823098511,6.753148767347682,5.9797485359182225,6.9892477890794025,3.1052808684326627,0
4.068249524048435,8.698665021373097,5.785853799994043,2.4184421496912623,6.3020203860112725,0
6.7984733087814595,1.7350830223797054,9.588687241381258,1.1898065168510963,2.472152382997901,0
9.19227682337706,2.7857147989462785,7.895235554186027,9.068421748960144,3.199946978606152,1
8.287466656102321,2.478740779450017,3.7638627229332333,0.7772686515876492,9.56306911389469,1
8.590168387933417,7.598741525698993,4.713425770890138,4.838853946831478,7.690727751739184,1
4.8190253288982685,8.567680429572592,4.043310237953235,8.832699056058193,0.5539505108060683,1
6.689640331945902,5.922554276336852,3.4517580311509057,2.067575727270987,3.3219705429133084,0
4.852254434311474,5.677730346058475,5.907839099943652,8.07202243177094,9.107478915124794,1
5.416931589919058,8.749883660778908,4.253773319666589,6.951258047517939,6.978968307785028,1
3.1479415723642967,3.0577771003667253,1.5832234958938451,4.94461422725848,1.0841491647667156,0
1.0901204020802813,2.597048991031877,4.467804316992634,9.475122399812012,9.538162287979597,0
3.5017845280200364,5.443006382876811,1.8148783892667297,9.035728316974389,6.156253697484374,1
9.716103781840724,1.4310244922350124,5.137545379040419,8.708785748784557,6.039778435282736,1
7.385826912178258,4.497567304763389,5.230808078917205,4.513455643906666,1.6376224582880383,1
2.0613626899272686,7.256062760354073,6.944519263778264,4.835676081997283,3.6493188776216945,0
7.790041364769732,0.4116756382212472,4.052475816550701,8.101670776893817,8.859849497931032,0
4.959858873986796,6.148467409847857,1.6480688113867559,0.268999952729575,7.856676337374218,1
0.5857213931842598,9.522929369550472,4.210158801107,6.3234095431001345,4.213110450870097,0
7.8059964182876564,4.959037258115956,5.119773719905138,1.513167769833117,6.6344577214985945,0
5.167571491290479,3.7540721699120496,2.960272404047651,1.3673724491239314,9.350059768710882,1
7.988724821565786,8.224729813712017,7.960304812272504,6.48116137911103,0.8559297663728704,1
6.716539268668057,9.028123798270297,9.242377774979655,9.780100788989275,5.335751452821481,1
2.014851327023266,0.7265742484846149,8.73132452200497,4.397159957227829,1.2312485049301536,0
1.502712336167864,2.384264147686527,6.187362251011088,3.091867091326735,1.3582599715822008,0
0.9637529789830135,5.53783441101875,3.832265303075534,3.5658989695867724,6.564241570541006,0
5.8908821861653005,1.6283535576911068,8.702325780510142,3.9917755970249735,4.8702752634124655,1
2.3229491433751748,9.554846179919327,7.823730314517111,2.7979688682172954,5.331199086344513,0
9.740306652436235,9.82188512195194,2.192011163127664,6.215686962304434,1.8136331659027205,1
3.2252074102333363,4.149887240755202,9.978651064169313,3.38648420290099,4.498114568428758,1
8.048407351833221,4.712480917714796,3.0550894021892914,9.973308826297174,1.0808491424922584,0
2.1161643514654385,7.408776684477515,2.6815732906055523,4.99867939748929,3.185506433523606,0
9.998067765330923,5.5341551211161155,3.6156219914718157,8.890827811345893,1.9193008556962798,0
3.673772618340317,3.6841879052070468,9.224363221787806,6.788368361063335,1.5033651626025812,0
0.13110609198566103,2.8896978440786802,1.8944733902826827,7.382153411102487,5.685340768138446,0
7.836803318523281,4.807490240834849,2.7270651869125806,9.766415130879562,0.40261324968128953,0
7.789065519656643,0.8514806590696533,8.16077446567077,7.520519001266109,9.663314119540765,1
6.512452711214798,9.691529605142785,4.965694970967505,4.4826232334441904,9.079175785353385,0
6.790657799157621,7.379052409290265,0.7577286973508646,1.839293521600266,7.192825269506065,0
8.954623864209339,1.7343297807654334,8.664744356986764,3.1584301482613695,9.172633813370405,1
6.892787836776392,5.288985657947234,6.21245620771374,5.753547748422013,5.4760375792483496,1
5.677644321203808,7.767037088140234,3.033259237604989,3.171087075560759,9.208150315135695,1
0.808241599790458,4.459554290100622,5.149043100997767,9.493303049043323,5.1694928879808035,0
3.9580899268986824,3.4261875988148383,6.878504253308177,9.788511789491286,8.834155696900382,1
2.587347702763292,1.8011034640047774,0.4136012670610023,9.163777946555026,9.74089679403751,1
8.084376297112879,1.0538534248239795,6.941496430757872,2.391999013853867,7.883300154478821,1
9.119097788559028,1.0630414494305684,3.845066997325323,1.2276754462674522,2.137652082647914,0
8.001324953446915,7.81572070515331,4.773948288368514,6.807179567726981,6.037072967885678,1
1.5106846345383873,1.1075631579153422,2.0617280665724724,6.235093269539744,4.607857019899519,0
9.538229386391837,3.739584325631328,9.136310038549693,9.596378113544574,1.2201122521520769,1
6.741620143669285,6.742845253901382,7.097451157484213,7.080948871859597,8.144750626193588,1
8.428681412033411,4.4458578955963475,2.525927535766895,9.148838018492704,3.7612765158093007,0
5.168904579332379,5.4145532514563355,7.751187666162338,7.647119809648379,3.2417332279710687,1
9.836116360022295,5.901569317977709,1.6536725043522083,4.479892200566403,0.6310303441472376,0
8.206147954461153,2.872754653703682,3.5477728174655687,2.126183673946256,3.510531589664325,0
3.4069707463940313,4.23420352489014,6.653707642127599,6.834068786871539,2.3725677723325833,1
3.707063164569757,3.3222592145976213,6.224650380431516,7.460449004444049,1.6192550134160622,1
7.120327970889708,8.382502844084902,1.9342753012808367,0.43535494020220167,4.467166379574223,0
0.5202675454674555,4.696161900266844,6.171758857465717,8.963600174119728,8.319703833280848,1
1.5063101028086823,9.69164892698526,6.268238472085582,3.3591707936182926,8.637309969925921,1
6.727893174539551,9.704382927203284,6.10472438341727,2.3056525181856036,2.9868864002510467,1
3.166673527467858,6.00245354823908,3.0670415401120685,0.9762581931575887,2.0846285096619424,0
8.548495598136743,6.8765824179742765,3.069640772122404,9.677295743813632,9.545600712267635,1
0.0008960238557143008,9.606660192700904,5.888329862691574,1.3594070497656685,2.66283850467655,0
5.076928657556278,3.0800816134992957,8.577304326266207,5.561543981544071,3.219337466512624,0
8.313126702440874,9.598568936303323,4.363823461071248,5.001055008821095,9.926820207126664,1
1.8201736502908106,6.717716763216311,2.5756224545665187,4.087029657571364,0.2672807228320073,0
2.628517099233856,4.808536696707543,0.711623158397442,7.545069603830101,5.662784078489032,0
0.8494496415668584,2.1104064996895975,4.316259334632501,5.9701406830830095,7.328070597209915,0
4.897381141361837,8.6967915017264,1.871407772330994,2.8598635143286844,7.906203013081946,0
3.2255658123699273,5.461687492483059,6.655330470498651,7.084537292324322,1.130435796041035,0
5.269223043717073,2.585428042214276,8.320455285755209,4.141436366300013,1.9016811228705444,1
9.815285847305232,6.266599843473467,7.232474735239709,5.288365939379743,1.9555464394831035,1
5.504422795182904,4.141395455489631,5.22199418239307,4.215515150180222,1.9552828765354435,0
3.78011442306575,4.121042181900321,8.58089836116704,2.0573057300901576,3.6155098932258314,0
0.34272301972954833,6.706845099130768,7.210838858272702,9.033574273051407,6.388937979269987,1
3.058086575302049,1.7586975188392096,4.924067052151897,0.8736365602269902,8.50925788762708,0
2.0076510686262217,1.3579503203765586,6.136577830359913,0.7043866084225214,1.6068297677257326,0
1.555775053383025,0.08937763610147087,1.2700735746433667,7.022843645831766,0.2057727623958483,0
2.2131814779750183,3.5731876489843053,0.4313644313968923,5.1140536290800345,2.6895862171551475,0
1.797343257277213,1.9961275862661099,9.27173074784854,3.717951709036992,9.688313275553979,1
0.3887394559457502,5.342435767137282,2.8968540500744586,7.129642041040302,6.709212518273731,0
9.448007934199785,9.300367916510671,6.0686392190709455,6.048330410849676,5.912302683535195,1
2.7548798591686605,6.263173542806485,9.711815370313012,3.7066327126891863,5.249199677519803,1
1.459251999536204,5.183153377925745,0.5955184723227847,7.854725827742253,9.832851391461684,0
5.2509087733264,4.664571973640243,4.925455760117513,8.469563092334095,7.883688698003257,1
8.622552582872567,2.2417854914185185,0.9715010743015928,9.069289494519932,4.827194561290416,1
6.465922032914837,0.6543714716129667,4.008634579536581,4.31074529476143,9.150750979044892,1
3.1106308664708604,6.660099221659891,6.709228951634034,9.760373617958269,5.001977020385051,1
0.2662447283479574,5.399408154966565,7.779628519123664,9.280653269887514,4.72474630466944,0
5.966134530564745,4.728589564107281,8.188741399929993,1.8084151872301957,6.490830794982697,0
6.166617592065239,1.7617864327473154,7.306232893144127,2.306823115579771,9.487927507054547,1
6.243288949049196,2.82560358521914,7.590706447913887,2.386626956775375,0.3358769964686592,1
8.961529482595397,7.157212299588078,5.442807764123808,4.707155239738615,2.560754509766894,1
1.0350118144768938,2.081522862607991,7.949818516936337,6.468875012569307,3.3978441163001505,1
0.23994364354533282,1.9904050852009447,5.185081217733249,8.023159721007973,1.6697337508835242,0
8.569556412443717,0.46348142566603023,8.195309773674486,9.321792084768608,9.919314380844934,1
0.49476990519542463,1.1780386599950354,2.7989644011309798,5.725405427751181,2.2613972313009647,0
6.910113797828497,6.831781566427115,2.0358693599392974,7.3742553467900995,6.4450460682794795,1
7.329611383627743,0.3087957659010976,9.409775746728927,1.1295589976921672,8.077653948778687,0
5.703268306402346,2.85058736309261,7.478810529979643,6.975304536421692,1.01727080612935,0
9.923197840780084,2.503121565911534,9.945260563621664,4.906056634539857,6.960752204359246,1
5.931774924169227,1.1839505219182256,4.490128207484774,0.8601689265583246,0.35449101869097666,0
8.870600568392039,4.445546837468614,3.1725641771058797,7.1297974190299565,6.604044315885624,0
5.192717677602988,6.490900915736216,4.825024949000763,7.529173383272684,4.294400660638327,0
2.806002213332197,4.98878795721355,8.702116084689726,0.5254313990105919,8.32196886298926,0
7.054839817115158,9.351765154307017,4.2655631637415095,0.4186893363603028,1.757945350139376,0
4.593453594943686,3.73269028474293,3.867350112947566,3.9508315818094975,7.499372878723346,0
2.2258999576844394,5.91176700240061,1.4318469615708052,7.113244235581613,9.634700021830579,1
8.378882462450493,5.0734041213888315,4.466115064785768,4.99343384526064,7.202676823757931,1
1.4701918637867595,1.7274454832822816,6.190279080458465,1.9996934920783316,5.291027945975287,0
4.842058279648803,3.27912095558803,5.389743592150207,3.1098656917026513,1.389336253806761,0
9.006177966485863,7.423435916865214,6.770524530157246,2.1096300047070047,6.376113685677404,1
3.601256339415845,1.7666231731956716,9.162730743177367,5.307582272950936,1.9295048928543213,0
2.669452407515852,8.750635173592968,2.7148614466993926,5.598202998384945,9.802509984213845,1
0.43509017883087253,1.7378207146291047,8.582860736006827,3.5429421430620964,3.782505844806682,0
5.360114242609964,1.6027496439743605,2.4736484259391123,2.5807251698773417,9.822259790766196,0
5.420537842995644,6.30735151988249,3.3944517687274587,3.1791842735554554,1.8628947002080765,0
6.801911319422765,9.874896333038482,9.318581824946852,6.325715149266679,0.07671811757352764,1
9.92259271901606,5.402495299830489,6.377922316273795,9.500317272526932,1.8693239002231998,1
1.7257739900156355,3.361076621082363,2.8005610438182416,3.5714831324176877,4.087792832629957,0
0.06486254871555297,9.331140339139539,7.547745685632604,3.692394673671564,0.1887937898138503,0
4.7674857461296245,0.397623776537529,7.310179073039365,7.74371840315621,8.497178175071562,1
0.046691701520349405,1.5727076891230007,4.517742376500315,9.318560903712328,6.483629412156363,0
4.529173326392578,3.71930050036573,4.462339054484846,6.796910793749174,9.083554273569458,1
9.77535424782334,8.484424776948508,2.3549757406681904,1.6346946151917552,7.595731771080794,1
7.838359296461087,4.301228522179697,6.883437707074229,2.1738450555668862,1.1435961244127157,0
4.450663393463251,0.25042980278667026,6.988754124169466,1.5371753119531484,5.6915083918276865,0
0.5805583620459043,1.8867769433256776,4.584762969126777,7.387979511300578,8.466497444811548,0
7.15072504522648,8.180323618844046,1.73824003762849,5.660070226725873,6.012990399987031,1
5.532052765040703,1.6585828413007808,4.829253981909265,6.1404715921837525,5.404267827686606,0
2.1390244524994815,0.8523322094171726,9.746474641808932,3.8353400490992504,0.6796988418584005,0
7.12797495930748,5.277332774223985,8.374009000253018,6.50430088808842,7.18220642794749,1
5.974075089750354,9.710792111283409,4.640638831145769,4.290389235978412,8.349880674029473,1
1.0522252021066048,7.303384323327178,4.81164593807513,5.230766374842232,3.026063307924657,0
3.241375947016991,0.46119695946742256,3.8376805061764188,6.166630172298097,5.866201765696882,0
1.3478201416893676,1.7983646336711234,4.035979228935852,0.4185331345189436,3.1163917708286046,0
1.5088464089369669,0.5136056238608078,5.471603792695674,0.9056377642742597,4.173738226991276,0
7.975638772849228,2.0257073557397263,5.599591480106708,3.7961034241767013,2.1149396520222608,0
5.807092618654824,6.398497674909569,4.425769065253753,6.074243758253961,8.541952809657033,1
7.642786647896649,2.969419974108222,4.8260624019232665,4.4451172601302815,6.809581773886741,1
6.971944322642523,2.8020271007305873,0.8605894176083173,0.46751526441294655,8.641092364471929,0
2.1395211017184588,3.412025145066262,9.786028220050163,0.5941801084249199,6.177980593213502,0
4.647656806454966,7.35439891597493,7.818925049264211,1.4689445419810665,3.5613675363664687,0
4.905700735773573,2.105681522378463,1.1261204035509464,3.7269629161685494,3.6896916279050895,0
1.5758389544053764,4.913383845697399,4.1140848203291815,1.6555167496379974,1.7932566260070515,0
7.736849617539966,8.531965943996916,2.984327448020613,4.490917834249846,6.948214308917282,1
1.5897025776409168,3.437659406721132,1.77776405970558,4.732213700948591,0.5753857036831489,0
8.273732260098637,0.8163737008978122,3.494330670554393,6.4612523430829185,3.9835016163141024,0
5.786547646963427,2.381628487102337,3.013433224560936,2.671233020109459,3.990599388054341,0
1.2432569926371873,7.858732150125938,6.764629559779108,8.166879675453622,4.079761815729192,1
1.9087434692849337,4.593158101976359,5.911057975391078,1.008209422594657,3.8100403658430726,1
3.3518885122436837,5.6751041751188005,1.6462342599318958,2.8753086519456406,3.2788473359798367,0
1.1367078942837527,4.309153873630916,5.410375770080163,0.38487740893203504,7.207257376543942,0
0.9850641821788542,0.27819505795825483,0.9712316942185262,0.39506757923860825,9.999657648260095,0
7.966620444873756,1.7685958834623883,2.7671999381822374,6.602435656350715,5.3027185552819125,1
7.977630656979684,9.419247509178028,8.688065550272169,1.5923554002354812,0.11254243764423522,1
2.4815099207471825,4.353992727143151,6.207938411879626,7.755614544961237,5.819434687621616,1
2.4564766424213644,8.107306346496845,2.818870351621058,4.97183315148927,9.176898850641287,1
6.0965916469575445,2.595993830495964,9.695990925285532,5.953158619272285,1.1582071536935268,0
0.8585289781373195,7.716203443063138,1.2494219928217842,5.718591543781407,4.50795474329102,0
1.7784771103401698,3.6229433809172127,8.282749964730668,8.461377591681075,5.605992609049563,1
5.477758040883943,7.486487420800211,9.045952161291588,3.0306383026726227,6.801857981672241,1
4.905962081966946,6.188921553713507,7.651981349368318,6.279361784090996,4.694684227614067,1
3.1240781119643257,7.2075423218675025,6.323255304171422,1.312047862619805,6.196959986326447,1
5.393296766300887,5.785148463084196,8.614837352383613,2.843617131906014,9.786259251171387,1
7.8629984347851645,9.553173870741677,1.6155691804939998,7.780836194142612,0.6925562329334245,1
1.486466713692538,7.81555141703684,4.0337886585558,2.713933044241154,6.635720359825793,0
1.0698448656354542,2.951157793354491,9.990791988654667,2.0779878074764815,6.2830776446716285,1
8.518444220390167,7.934036678096409,2.6485107088777227,4.127068903581326,8.594254732057585,1
2.640224100031637,9.06402590085499,6.180897747371352,0.8289095226986765,6.644630628898705,0
2.0615425982442446,9.499236046080089,9.426500041769216,7.44364544099949,7.011851267003127,1
0.8291932206382324,3.4676315496324506,4.652226089733224,8.394312968078788,5.508884188443252,0
5.153549800222721,0.8803144256687268,5.280882923564541,0.37197764255745835,3.826107001792728,0
2.810531879765592,6.120728612127113,1.9187878835125816,5.632895309006781,8.907980101659295,0
7.296922189638306,5.754239923654689,6.514270713407205,9.335411226162165,0.31868817207634903,1
0.8173757408408078,6.751797827227942,3.968914157162157,1.427809718908274,8.511521593388585,0
1.4400488304329973,0.8328966609983113,3.2067152593655566,9.712862438213342,9.554316204836994,0
4.9638138892228945,4.861308765797025,0.30215868996362194,3.461615756757759,8.694153974721324,1
8.687757793382149,3.7820131376760635,6.559463306046767,2.554003787259206,5.514585564424539,1
6.58615372329335,0.8742395970792549,5.951574136816925,1.9831715200288014,2.245267037938754,1
2.38135446171181,5.54348987313407,1.439238973349548,2.6292855985610855,0.45371612583201104,0
0.045211953696291385,6.1512402224113245,0.5943958644552017,3.343062456846834,6.079356944936811,0
8.81929587073781,4.372448067668887,1.7913203666845157,0.5081621958731253,6.642042698807345,0
9.982673879825121,7.952508168009016,2.032755383709608,1.586644248349326,4.549211017000631,1
5.793277559303997,9.732948468370564,2.8577079584749407,6.559895134714485,0.6813565620843232,0
5.374165569295179,4.461271426272546,0.32554897162021423,6.197637573223664,0.5402948592163836,0
3.045354900420507,1.904081065946277,5.962482935500425,3.8993483819933172,6.904113815962084,0
6.4392486481503,3.5104947350689617,5.402135409728275,4.007537346022586,2.6721209285665157,0
1.9952424868637197,2.418039314188208,9.19096760422825,8.32111708441273,2.707983856043498,1
2.4028568338447065,4.237353943452355,5.005910466044278,0.7859432817421241,4.846364917841206,0
8.542792360510136,1.0500274454987624,9.456695674096276,5.6679006275701305,8.793258907721563,1
0.28252535781633337,8.16039164624422,6.087840342530905,8.842639856725786,7.883894606080027,1
9.690981141847386,1.4746979873169663,6.626908902185795,3.8568034301707534,1.3518704030176443,1
7.807999594515599,5.276836113329074,4.20283143893641,1.6299941553554032,8.785741164288241,1
6.830076265775411,0.995674220471674,3.880503875434913,7.992271644821102,1.6903417824056943,0
5.868670275531139,7.658611743692267,3.350974141931482,0.3147865735451294,5.165837798649572,0
5.038496890762781,9.7732288222195,3.0912569724241457,7.680820345542449,5.812403015644607,1
8.71234926703235,9.134880616550904,4.350656958472964,5.028999461597793,4.477664410253276,1
3.6692137569333108,5.126607635859571,8.375795484460863,1.6033393263791618,6.736752166942579,1
0.39462054801165714,6.412061952582292,4.662276741757627,0.6247825251782346,4.025493356878757,0
1.1778833497991892,9.383261460882089,3.49271024685041,2.343491572352926,2.362466297417787,0
7.019897061282542,6.077386363188003,3.3640203224795306,5.26935706744574,2.8635383557887972,0
7.97902358640887,1.6598270289835815,7.6459793512040894,5.884630205645528,6.110936758313209,1
0.19254902408390007,1.2680376587547715,0.12710612822960599,2.6833889418714363,3.3931700112925878,0
9.366287956598963,0.9530727019064111,7.304688539308951,5.737714828558188,5.008326863922219,1
9.650933325711645,9.165838553350383,3.813740934352665,5.8811389966932115,2.5127202522729486,1
1.48373512016732,1.2581237944952284,2.529012151976545,4.964036824103388,0.17185338268550066,0
4.6192529428683295,8.152968699983461,8.432425734688534,2.8580109319259317,2.406488789070236,1
3.894443247635544,1.365598213701803,7.812826655099123,2.3898013962912703,1.3897453309178953,0
1.0869637865859683,2.1509716865872552,0.08743137272420709,7.122314017175211,1.7387955455532367,0
2.25806043279402,9.232934989880246,7.563349808311744,2.036052450013004,8.694479811061369,1
8.831152479055294,5.138544849309903,8.52282277232547,0.555151187255466,2.4046975158420625,1
8.577286189645713,2.5628986587365565,4.640316583427833,4.469834646006894,1.157059851998914,0
6.343047305031839,8.765149816296203,4.523289225659034,5.983400055878455,8.483316701407325,1
7.625652350075081,8.166591423281998,4.139346966320887,4.041151884987594,8.241329215930651,1
3.523404443810607,8.540956719062256,2.2718806802305402,2.6203252232649197,7.414533011044328,0
5.862290457011695,0.3578502680078177,0.43605938390170684,1.8763432534057733,9.21884901215604,0
9.667361742455181,0.07861465839581361,0.13892828299067017,9.855255574090643,0.9464207904408672,0
7.971042596757163,0.382816433893709,8.015897786596739,2.6923381680373537,6.673215841672786,1
3.854603126174909,8.042064429786235,3.5647086630190716,8.69568608943029,4.102695578119786,0
4.831480702138099,8.659719449774535,8.011235130294562,7.2925621205428195,6.871658480786013,1
2.410409238364626,2.6532750762137347,3.4324407034851987,9.77808915303766,2.3436557843666006,0
1.4145118331590634,0.46658668874992815,4.268162688176053,9.172619817618319,9.267964161769639,0
8.499243873063763,7.92457729629241,7.514221738623687,6.290517704788457,0.2970747450637212,1
6.84170873666154,2.9644526219672427,9.681950233989085,3.878773122179301,9.9470503384605,1
4.07857554695095,1.0774841643564126,9.846844492244642,8.570353948320658,9.57378349527561,1
5.626053826214573,4.904779109033555,8.16754516624982,0.9523420560578777,2.2977204229665062,0
9.633415781021526,3.7324106584139596,2.7074252399814283,0.8047148811742189,9.767521474269508,0
3.8342217213029284,2.414659498550129,6.64459517039539,4.514267225384633,0.36781653789687563,0
5.620998157912301,9.526426110268938,5.58884427504725,5.68924460358756,4.28229196909967,1
5.579426936193936,2.684295713963171,4.913452059159088,0.28141377053303884,3.790122823735179,0
2.833540069348498,3.2921983183362133,1.5522359074774883,7.782862311863696,9.598175608573763,1
2.603617934568312,7.56667506359836,0.9874058006113939,0.8229294418076849,6.0580656077513595,0
6.007515848934992,0.7101121169658042,3.5542247558566773,4.915408622353709,0.6942357617045225,0
3.2507989858545483,7.32215501887376,4.285238639776089,6.7069005105427815,8.169819925368865,0
3.015182160448279,2.406480084660311,6.010336722224259,3.325960439106197,6.895445945114721,0
7.121832320925163,4.6625980777086165,9.629582178838795,2.1148419463574406,0.8139486902057536,0
4.416493838527896,3.013309550052601,2.3833189599629945,9.917578719355172,5.429574908525492,0
5.465429676336583,9.936030842116852,2.8585553200985645,1.6582003115447619,2.385290116399559,0
7.70888379917198,9.700992617455894,5.3136967350520345,1.7171696241392553,2.4215643035132506,1
3.2976980873085484,8.865987371831022,2.28624453344191,7.513094313807044,9.522039299506167,1
4.785235424194464,8.19437224212143,0.7678723070213378,2.1207975921956432,7.568717820852184,0
2.689046067986902,4.572097615507266,7.590743453279246,6.337379287558775,6.66281618065772,1
0.6265383942609448,3.4385577224224106,7.197419418187084,7.259284869000967,8.412517143400382,1
3.309374725834581,6.542655691439105,5.725810962709757,5.1542124336832575,2.739424702258896,1
9.032470971736004,8.17102249649811,4.659687115769248,3.7338961733844256,7.881633692065437,1
7.713107236673672,2.1204594889121586,7.5177289011857376,5.998119900797549,2.747410662916534,1
0.7651198693254702,7.46790921825275,2.1993977810526055,8.773166528844499,8.928264553218831,1
8.643692185539537,9.524338613184257,3.532198521507114,9.451412953550275,3.323777847152547,1
9.714795215773137,5.9605283491444805,2.4466987405093823,8.094458226475268,8.761173739816485,1
3.5232064099475204,3.988679773313465,2.2693818450477266,1.2349969246700976,7.703573645660572,0
6.768031754010956,6.689025350957467,1.6038646880172691,4.1089003340735015,8.551181176081426,0
6.988265536002505,8.986942409565206,3.4701612090580114,6.6143520962383455,6.917491105306524,1
9.808797149262983,5.050692456650748,3.274431332723701,5.10661339267449,0.42681871171718067,0
3.0731511040004467,2.8521974472360654,8.896765034099259,1.6881839911337526,7.338333592115305,1
5.250832851462201,0.7088256414278371,5.2081129681678195,6.019591760771896,6.860372678118117,1
0.4097912079931243,0.33814001549373973,8.057004648622966,2.243577371955924,7.064296287670924,0
6.119818340021077,4.366295154819913,4.715513167650044,0.4953000807663466,6.0881162005643805,1
9.59860898933715,9.60609092484838,9.425699604506333,8.317710615268034,7.23889268872822,1
8.716991958273033,3.9493848725668212,3.6923765361003658,5.691023409294386,0.2245556194494669,1
4.323536944698956,1.4611031769486482,2.119779330801311,4.380579497280374,6.477843047387955,0
0.12502278441041792,7.008352477287916,5.026462190117085,8.571829342753436,2.0305746661591293,1
0.049532364790777494,9.241983407228414,1.6005896629898875,7.011488075622089,6.617738349714291,0
9.711191641304003,0.8237617289439148,3.355474431512513,8.075486289625271,3.2741276466579547,1
3.563423802598653,9.619746346148194,3.1002461982223526,2.9465924210502825,2.0050144392336975,0
8.388434923817071,6.347902541735779,3.8517448145280686,2.8763270919848525,7.856594052690522,1
0.7801239369453861,9.967650494633942,3.7956155910089286,8.263993607224377,9.160616765391966,1
3.869860706249505,0.5401522172902906,1.2442938523446179,9.219321809377059,8.095808903796573,0
9.05657302571825,3.9753718202618415,9.253166761382213,8.132022738562855,5.117873296695566,1
7.927567632452881,2.9078784148890224,2.175414249401988,8.052037608698443,4.462385368842899,0
0.7872671660764852,3.3371005219383862,9.988501111416818,8.25896364023502,2.3212444249792084,1
4.486966134228964,0.28441643058119803,0.9095335867785681,9.217897836416572,3.31414315159563,0
3.756311199316352,8.760108861280964,6.619532414167599,2.431342652115781,1.3080259616811785,0
8.601306806443361,3.942903769260795,9.70331083097739,9.191422488798924,4.495655743984167,1
3.6311830581051465,3.2634206521841804,8.127381571194329,8.536335589077986,6.871846463737247,1
5.231367454684877,9.40447026278134,2.8172350675874402,4.35969833435829,7.990922422720372,1
6.541353535953611,9.50210920121848,0.3292005232544337,4.271320978232338,1.6389199949689892,0
4.0938490752865855,4.9424392479194434,3.579753544075511,9.104428691595775,8.018898120745641,1
2.981863040638598,8.781526208374345,7.713323647608796,5.457190018315892,7.726027300798264,1
9.494662488113919,6.639197643491056,6.316756834469523,5.404857167053936,7.844420595011715,1
3.3868778185315342,4.362885426699654,6.750698033253776,4.659402925957465,3.0763421337458308,0
4.1090699175622,2.8124947740263218,0.40284817118986793,0.9261002652027872,3.3125148151538752,0
6.841248487209044,1.9651077136003814,6.673201266419692,1.2658607850123527,5.2008240074602865,1
9.326400897045673,6.757287278551999,6.26472673878438,1.7335901432886358,5.808317536564696,1
0.7766547641770949,5.205254685533589,3.88058598311132,7.150379985590732,3.9302182597910384,0
5.2446074713306405,5.144358561898763,2.969293267318318,0.4412694185199406,5.002920740164393,0
7.687748028223867,5.7447881691231295,3.3989138547330744,7.961802727771001,8.397382845853162,1
2.3513370940744913,7.481094098450648,7.4386888852320086,8.991048705685351,0.9009151330427423,1
4.085360409102698,9.998688550897873,9.689019505453018,1.9826477571520207,1.9577719923754422,1
3.5552175054501642,7.477230636570946,7.243031207865249,0.02222932704726066,3.150501411250085,1
5.937009852156743,5.635259277157023,8.127070407644968,7.234502235960317,4.0468704111885225,1
5.133380113600557,4.5690197290084615,4.386160406867016,1.3443006414241543,3.8630427529504052,0
3.7775091018232496,5.162549648114743,1.0450523234395215,1.582576863485874,3.697726513591486,0
7.587369102238323,8.845770800876547,3.2575562193411765,9.578276376023,4.384770565308335,1
2.5368210438627283,7.062366423895202,7.33835815756085,3.132362315660595,3.937711461172362,0
6.746191983323841,1.9622674710458254,9.170271466890721,4.492268667983107,6.085700602788885,1
0.6851057444131992,3.6550298682927,9.101748769517322,9.492692671426575,8.336290576302506,1
7.353464864720661,2.319909201196709,4.285916327412056,4.975126906828857,5.362754272881574,1
5.481252093135574,6.896423350790637,6.377830728709142,7.360105412807992,7.940702613220633,1
3.324404282947521,7.023666923887694,2.1798215631700177,8.171886627948403,5.927392096565585,1
5.6860519496249164,3.7674496578229935,8.27850689023752,8.542702318288947,9.805471205783357,1
0.5994210111585518,8.55264805034952,8.532004817456052,6.027358191477874,0.1869645320298685,0
9.80233210109015,3.0548192229106608,1.5560245996227973,8.580413949740217,4.472633458839824,1
9.77670151286799,8.796432414797238,2.0704581241737605,9.161817505402887,0.7803783834861067,1
2.7915353459896375,5.316774078548976,2.691639796006503,8.440893736618156,5.5253567262091305,0
1.987999972364879,1.6912442876654066,9.921086763360776,2.5516077661340786,1.2783657554698946,0
7.324377461092539,0.10005982824384141,5.152444837241447,0.4636131745721239,0.8547553712753408,0
9.801334595800368,2.0303204722861015,9.911960143196861,7.682534544615067,6.848538545472085,1
9.523807168890153,8.666762894761595,1.3665491684076092,9.421154563660949,8.220441586917332,1
5.003504111549567,2.472263189255668,2.1092610210854232,1.336653567236672,0.7545824063434048,0
2.5528331436196314,4.36480546872196,2.9470249021284936,8.690828951871742,0.058152132551082536,0
6.944895711021272,7.428896180183337,6.041138656899778,5.16370185532677,9.54227534823198,1
2.4661802347716266,9.814145792201767,5.3529434149910005,2.2567316593209474,6.391649906671773,0
9.479930831372778,8.42969230161339,0.33411227479920313,4.452927805795751,4.738575574316552,1
3.3598352760567476,7.829756828458388,6.55745622714866,6.3633041502927306,7.787237037458534,1
2.936229502278506,6.337241005511197,3.7421854700556256,9.13641491851741,4.165444269935023,0
5.384731333747144,6.472750778645571,6.6392779454414335,4.193920720361392,3.7824609030291345,0
4.123264275791062,8.15853290044389,7.1860046518591165,9.16833061386437,6.89667626101047,1
4.530640719717594,0.8010550649021875,0.9830269813069159,7.018424435252019,1.426060749552247,0
1.9846431719980528,9.045755730854747,0.05667258676592457,0.6919747490597394,9.536290480227358,0
8.408016992668957,6.741881490189055,3.4452091042321955,1.047419642815579,3.0473504545245564,1
1.6322363178384436,1.7792035752062796,4.9667649350845515,9.64679547707139,5.1949334340314,0
6.95989229516992,5.50134475969972,0.038292183716421846,6.9111904285101495,8.884599191026599,1
9.75171682987996,6.0648065344120194,2.203494185550321,2.1667210994277397,7.525099718067013,1
5.207129614782463,2.563566176933323,2.251547285074269,2.0889458100581293,2.302084531266381,0
9.375670779004484,3.0419409100125447,5.430573318364438,8.076853787325593,8.442509909479131,1
6.335864858982356,0.8666441994863316,5.257634292330007,7.338882938420033,4.962038144114425,1
3.094842046573941,5.521200781259621,6.504174551032632,2.6057160645249287,5.774433072560928,0
9.79253051259468,4.624356213730193,2.701277101309686,5.475031070987159,9.517322087000066,1
8.48619318188504,6.527602343242158,1.9404931816388038,8.155877527841678,3.348075862174069,1
7.3032759272743295,6.327305213933661,2.5627518562161846,9.37977887965424,9.136301254485755,1
3.423938683895633,3.1157136620937855,2.8547534200388913,2.454550401054687,7.088492029816763,0
7.2589583002560145,6.384930810962359,1.7342257284534413,3.0413827828162274,4.754203488795399,0
2.7933926474683446,2.50554284849506,6.6375770862582755,2.109486624316089,0.8149457265428228,0
1.398061038882582,7.487854629978713,4.53662434427941,6.6859180694318745,9.814141134613884,1
9.398997198074428,2.8892030472934636,5.6175385929142845,8.9045556370949,1.8100936405226242,1
7.583134235395777,1.0170396654188885,6.217386032104612,1.939405248790922,2.8717512107396805,0
3.598076051693311,3.097889875637364,7.648141374324785,4.016361363436537,0.6416617627305476,0
5.70500762286961,3.1869446153017957,1.2448399267687393,5.406902944021809,1.7585592788561932,0
9.894777954858029,4.053975829230118,0.2791830724340105,5.993568188950638,9.389222894573422,1
2.3485579871509774,5.336982083297097,1.7134274239042002,5.206176435956037,4.229360834450873,1
2.3793964078223984,1.6595396868594914,7.312409774306064,8.603226132634589,9.298905652170578,1
6.979192198454047,1.8162055549304212,3.3129297900606245,5.519913316924082,8.510113188785056,0
5.143302455653144,6.6528655618837025,2.4203442151796173,9.433654785541599,4.04240179384992,1
2.4024419304519737,1.1613581692747688,2.8526308226281616,3.7533380967174157,2.4009209696343903,0
6.3932230872041735,3.9655272872211054,5.419387555497978,4.247409307232829,8.00880717135487,1
7.814972555793426,1.6246477778018442,2.6694842416081843,3.7181280682373252,1.3256420712373673,0
2.472062991506344,2.3225122133617457,1.9954601168094543,8.966781256106355,7.229208610024963,0
8.735687104651515,4.872250985798999,3.890082068994575,8.214070393360604,1.0948198447142221,0
8.246359090903493,5.944540090600116,5.213659953591764,0.16004374050306858,9.912385901859647,1
6.921248461029529,0.023792321471929334,2.6638212516177564,6.217334550437518,1.1239439176846544,0
5.349566547215013,4.211047556887975,0.3296143766498194,4.9468151221655985,1.9691669352772923,0
8.9939589974505,6.126953310039762,9.318862241284032,2.7708175693026984,2.7142996282835616,1
3.6217194390616636,5.472606904236864,0.10981735399361203,6.998113546036712,5.5343436173769724,0
7.181954740704129,3.218580873896336,7.147862186399872,6.989275454328587,0.27855104475436154,1
4.12108031742234,5.268718352554947,6.264747250157308,2.323171826786925,6.870496619138161,1
8.718588910879776,2.968711987387076,8.638062566952778,6.944214898717983,1.4291310532824775,0
3.404382213901953,9.10834175596518,9.070537423334397,7.708972153939127,7.582795780417931,1
9.547131683239535,4.026252628926226,3.6716537093097834,4.9114864768045505,6.899227565631048,1
1.2641628499166324,9.573522062641302,5.842424573886524,1.3714882957986085,1.866927476807162,0
1.7000763288074738,9.027293214623665,8.181904762295558,2.801421460533718,1.641538135307996,1
3.348120318842037,5.504186674110082,1.5089337704795591,1.4134836259138261,4.947943478515837,0
2.311566229199342,0.9377128591307016,3.911463254721644,1.431551471610133,2.900374460997477,0
3.51708970169768,2.4972167743064446,1.674974549017143,3.6635835965178174,9.474802860658535,0
2.5395603114697876,1.7771613190218016,0.9400451050575898,1.0920307360999038,8.988826591892721,0
0.06502849710598668,8.95149557840319,6.178497043560329,6.144528921090204,3.2246825753085115,0
5.7955458054624645,1.192303834683145,7.039338454315978,0.33794771254694544,3.1386154517298603,1
6.099063560921718,3.7721667908106973,5.839040091603177,0.54058719128663,8.996499911721829,0
5.43245859122567,5.7237160550301915,5.876583432224741,3.0911106788359133,1.5224403445409362,0
6.972848184258281,9.427488438194146,8.242322623579048,3.541810414959677,8.598655096493713,1
3.2591076899198224,1.8298513924553483,2.822876026115578,6.359793076858919,6.9572159387364705,0
4.529484211463131,3.8845444065862456,7.326221237480653,4.559853420227439,1.0138219419758276,1
8.774941233167871,6.179648337910911,6.105046415766924,5.457567577347394,6.15291235693589,0
9.245799438515196,5.019194934015422,6.869688338777654,4.778806830512198,9.866868097886496,1
1.9027936833668257,3.891048104273025,4.694732846761926,0.6072009134336365,0.8556518549979142,0
4.309279338878347,7.3294132547081015,5.590328550467476,4.610318609000135,3.886065102749925,1
6.0660506414937965,0.054890896851504944,3.634198178113955,0.9069526261426808,3.799214692930871,0
3.1842923902431286,5.362358214782942,3.1572439944791375,6.575119064727181,4.003680741239542,0
6.566454251973911,0.8704465964346508,5.282271763994192,1.290089712525866,6.1967127041865595,1
7.712893079686274,9.915302070713947,0.5638161956198573,9.896652678400867,5.565236101883338,1
4.095730486792196,2.3349097088482407,4.35267898418581,0.7219890005215168,4.338505380656197,0
0.5954808191767269,1.644588357394432,3.4280077882081237,6.470969354777574,0.2870836218589945,0
1.0671041201963727,5.530636818303705,9.940981174019063,2.922168018193111,5.3453501859740005,0
7.606778938177619,7.3587558716514065,8.32044323979709,5.983410338367955,0.5737583311890548,0
4.650977400481391,4.563322872568797,6.801741388815724,8.117080782040246,2.891774902072659,0
0.6524507289462456,6.404513782081066,6.8716253225527595,8.940694548095312,7.726213690246463,1
6.274623667929959,5.819568647604526,9.325657183783573,8.238645159116473,3.665426755276263,1
5.671452178170754,1.914333797028095,1.718879317985571,2.1842537828656994,0.8342214535656178,0
0.12648890101180532,0.20856208357591277,0.900500965381511,2.0449326842831903,9.612997724211542,0
7.376218706981121,2.1042211264517094,1.5611413027006915,5.861901433895692,0.48976847709434,0
4.865446629431522,8.208449434836156,9.106313142382996,6.143480230158758,0.6952901814734691,0
3.9033744880648378,5.7965276737378515,7.184680473400679,3.046157680946573,6.676747662620555,0
6.795422816432089,6.068559810290381,0.27932503556410637,5.171092436274044,6.282308153750689,1
1.767369431707092,6.784781014473448,5.719026866005561,4.998544504722904,4.349451035346332,1
6.594363506221919,5.419692281565825,7.63970309025471,3.068147237513086,4.114414777735366,1
6.237492397095959,9.06438290640004,3.1969925610120975,3.2971612361746425,7.816630484602954,1
9.607554456749147,6.550590506045516,3.8210757372552315,2.1150471591779696,5.1985146001259945,1
5.513048453131488,8.341178252956539,1.9866472587249795,3.6047236576888886,7.46523505905789,1
5.876554352838084,5.858693171686839,2.444574100441713,8.49894229953664,6.969713944505945,1
8.08067186650387,0.745582134896261,6.368725793071505,4.31385767672534,1.1943739918137486,0
1.992798918068589,3.3471924604933454,3.5049516947877777,4.908261206658846,8.763949420390162,0
0.8475513849998995,7.041183683826841,1.7199586076092954,7.411627660245962,0.322504761548591,0
8.935488527131156,6.425607031745683,5.403043289670838,7.941474829000232,2.443764816098757,1
1.5845487612282982,8.159002956648745,9.705254216669722,5.021696059074313,6.475991950512954,0
9.292309915712062,3.29873250422812,6.841354322405043,3.266730467505772,2.061377938725255,1
2.779772273333725,3.616365158672888,3.9975035037209428,8.71121197685351,5.1873431914147075,0
6.249426812501438,4.707735633503317,5.169534721192203,6.773140351137295,2.97902018162016,0
9.567896528833735,5.4693142553239005,4.707854441116755,2.275912933061143,5.9436298597925985,1
6.736548601786269,7.226543235076974,0.01619478736379021,1.9570148647591135,2.374099547930635,0
5.626284938696481,2.296045578150782,8.409489101856877,6.802094879734391,5.849038159132349,0
3.761502448728705,3.01983598192837,0.1200896957145936,5.256512384776057,2.8395616750678396,0
6.034054657604569,6.7173309201668365,6.760856846428797,8.478446201080732,1.4076022518723286,1
1.203972419510032,4.703251777275468,5.3572573389651605,0.679248805597642,7.410532500216464,0
9.722459046660173,7.424058517843887,0.5537541280064728,6.462717897008515,9.169239812085179,1
2.8861412611145134,8.180211003212165,4.7647749804227955,4.522721457820575,7.813832578238981,1
8.967935870534117,7.530995521809281,6.840881096072975,7.450929989412072,0.18267294850274118,1
9.615028085214488,2.1409343211691825,3.600483252633225,0.616489490076656,3.659117734694436,0
6.265528822060596,6.4286124521499675,9.300390578485729,4.968443952248157,9.200068047345212,1
7.454091197047865,2.1762048106310896,4.767348352949691,6.3240535366699735,2.1433888524090596,0
8.20056208653183,1.6202476137128696,2.438176980363196,4.556187821668702,3.351445441443385,1
7.149028207303422,6.165841385511782,5.780246424369299,9.32319442346378,5.178528325752742,1
2.6369050403661265,1.43091477272422,9.794151178805674,6.832514416196755,2.5103103179703368,0
8.27808776865656,0.23116001481023774,6.667189921822833,5.738104061403938,2.719677743905952,1
2.1547983179876185,7.997940937467517,3.738902125151713,4.920868313808143,4.753968160226467,0
5.462823238695304,1.1812957957757575,8.915022827595855,6.246764399824615,7.066352358536206,1
7.997415253082691,9.777990902330693,1.4671263020060432,5.324768728192152,8.150993586867067,1
4.808838842698156,1.4742394850331664,0.049201790466464335,6.527483740072496,8.82609794630824,0
4.188608531777222,6.769960607069513,1.8172503137387241,0.7440140909787185,4.5411254997901125,0
6.136236575443391,4.22879248934581,6.150124297175287,6.179068291748365,4.908398209832462,1
8.331856763479118,9.724031735109497,6.361390495931335,3.7505918759125842,4.355257104391636,1
5.547793221369984,4.896960400097853,7.310616375206108,2.726715041421466,4.907589563435906,1
0.8824554700242226,5.2156321700801485,4.486880924645698,7.1766290070950065,2.0673654180921632,0
0.7890475660257568,3.3192296601600866,4.210042003381668,5.15569904461163,1.215350120462243,0
9.637634787332475,1.9026935844593285,1.7126317041280126,2.956805474925712,8.165731164818077,0
1.6399006717023068,3.617056717045175,1.135562237607416,9.796400715822038,9.989226704206054,1
0.9607268589258733,4.499054332057462,0.7338998736180802,6.57260289431783,9.30908584869366,1
8.560568773777268,0.7929421486845556,0.5675298333317802,2.690239086030898,9.340023657790631,0
2.1981105363585307,6.417219136387993,9.032591118479253,6.770728804309224,2.3401974931661993,1
8.349572757918853,6.843354517086709,3.4085812049107025,3.459566292156291,4.673601869147274,1
4.865765297665913,4.902483105111494,2.0350520346813328,7.812069582124746,9.407887073524655,1
